Timestamp,Boiler Name,Temperature,Anomaly
2023-01-23 00:58:20,Boiler A,20.180428180323155,0
2023-01-30 06:30:08,Boiler A,23.372948078115463,0
2023-01-03 10:47:23,Boiler A,29.85820800590566,0
2023-01-03 17:10:50,Boiler C,20.564031664824043,0
2023-01-04 17:50:22,Boiler D,23.54702425179314,0
2023-01-13 03:22:52,Boiler B,26.148814553184295,0
2023-01-22 04:43:32,Boiler C,16.407182890370958,0
2023-01-03 23:55:50,Boiler A,31.072206992729676,0
2023-01-12 09:46:41,Boiler D,26.31079022048653,0
2023-01-13 07:07:50,Boiler C,29.0915812448619,0
2023-01-15 08:13:08,Boiler A,17.73062415829164,0
2023-01-18 14:40:26,Boiler C,26.186782557179487,0
2023-01-21 00:54:48,Boiler A,28.5650893915853,0
2023-01-10 21:12:20,Boiler A,22.923481205773868,0
2023-01-24 19:58:40,Boiler C,28.575325052791968,0
2023-01-22 10:00:15,Boiler B,23.956412108893534,0
2023-01-21 16:31:49,Boiler D,33.84756854897069,0
2023-01-23 13:13:44,Boiler C,28.33142315548242,0
2023-01-20 01:32:47,Boiler A,21.24663340539149,0
2023-01-08 18:53:25,Boiler B,30.34398382012952,0
2023-01-12 22:21:58,Boiler D,27.706455041055854,0
2023-01-01 08:50:05,Boiler D,16.973157186338,0
2023-01-25 13:22:50,Boiler A,23.75682151827229,0
2023-01-06 18:20:20,Boiler A,22.656618854840776,0
2023-01-02 09:14:57,Boiler B,20.994361513903304,0
2023-01-06 13:11:41,Boiler D,24.566028769842976,0
2023-01-17 15:45:50,Boiler A,24.212511282078975,0
2023-01-09 00:21:00,Boiler B,23.6351752228243,0
2023-01-29 06:48:16,Boiler D,26.865421295141555,0
2023-01-17 08:00:04,Boiler A,13.61619437382295,0
2023-01-12 19:36:51,Boiler C,35.145680773490746,0
2023-01-19 21:11:38,Boiler B,21.05728052154856,0
2023-01-04 21:41:02,Boiler A,28.030556258280722,0
2023-01-21 11:58:28,Boiler A,26.78704941249142,0
2023-01-02 02:49:16,Boiler A,24.41387508556683,0
2023-01-24 15:49:45,Boiler B,31.673755947606033,0
2023-01-16 05:58:45,Boiler D,25.766031739933492,0
2023-01-05 04:26:39,Boiler A,16.365571021373007,0
2023-01-08 03:37:30,Boiler D,25.790217358470226,0
2023-01-13 15:46:40,Boiler B,22.724000925701883,0
2023-01-15 16:52:52,Boiler C,31.872997295777502,0
2023-01-21 16:45:52,Boiler B,23.539264876590792,0
2023-01-27 21:43:36,Boiler A,21.58372700207022,0
2023-01-15 23:49:21,Boiler A,23.172155676109412,0
2023-01-10 12:29:06,Boiler A,27.57061814435577,0
2023-01-03 21:20:26,Boiler B,31.825499886804355,0
2023-01-09 23:47:54,Boiler B,18.91977355268653,0
2023-01-27 02:07:51,Boiler C,25.13163053677315,0
2023-01-12 20:51:04,Boiler A,31.70084101259679,0
2023-01-20 17:19:32,Boiler C,19.353463579602256,0
2023-01-15 09:18:24,Boiler B,21.182122828079695,0
2023-01-23 22:01:10,Boiler B,22.08989049467099,0
2023-01-15 05:06:07,Boiler B,29.672452865395634,0
2023-01-15 23:05:52,Boiler C,28.18814090400277,0
2023-01-04 13:39:15,Boiler C,23.616758948990146,0
2023-01-27 04:14:25,Boiler C,15.097095604173171,0
2023-01-12 11:18:38,Boiler C,19.744608177092374,0
2023-01-26 06:25:12,Boiler C,15.975449434430974,0
2023-01-22 07:49:43,Boiler C,23.891114587712696,0
2023-01-14 17:58:51,Boiler A,32.87049755369271,0
2023-01-02 17:15:45,Boiler A,80.03774842109827,1
2023-01-25 10:18:34,Boiler C,30.480972925388198,0
2023-01-04 00:12:17,Boiler A,38.44042301061142,0
2023-01-23 01:54:12,Boiler A,26.20179355010351,0
2023-01-29 17:04:18,Boiler A,17.997993113947054,0
2023-01-30 08:03:34,Boiler D,14.085396657650932,0
2023-01-04 19:24:06,Boiler B,24.221782502586553,0
2023-01-23 05:59:35,Boiler D,30.135096933441595,0
2023-01-09 20:30:20,Boiler A,27.817440685387282,0
2023-01-02 19:14:06,Boiler C,33.574475828561674,0
2023-01-07 20:03:07,Boiler D,19.12380069959744,0
2023-01-23 00:09:05,Boiler C,20.789853448855048,0
2023-01-27 18:39:02,Boiler C,24.19953723553308,0
2023-01-20 18:32:45,Boiler C,17.49647241888253,0
2023-01-15 14:33:45,Boiler A,28.754607252935706,0
2023-01-11 04:06:57,Boiler A,24.399984604040128,0
2023-01-04 02:54:48,Boiler B,26.483138885409797,0
2023-01-23 15:02:05,Boiler A,17.55605473049983,0
2023-01-17 14:29:24,Boiler A,28.54937089129562,0
2023-01-18 07:33:08,Boiler D,23.956022336684867,0
2023-01-21 08:19:58,Boiler C,23.697073251446938,0
2023-01-07 17:50:23,Boiler A,94.00750069529269,1
2023-01-06 04:24:00,Boiler D,29.26425550133494,0
2023-01-03 19:26:06,Boiler C,31.306635484466995,0
2023-01-30 02:07:53,Boiler C,30.791530808740582,0
2023-01-25 21:39:37,Boiler C,27.25386284565376,0
2023-01-25 20:41:39,Boiler C,25.340697873530402,0
2023-01-11 20:11:35,Boiler C,26.92522219045744,0
2023-01-27 04:47:48,Boiler A,20.30723453797109,0
2023-01-07 19:34:29,Boiler A,25.28811832206858,0
2023-01-28 18:06:41,Boiler D,17.07886211007396,0
2023-01-30 12:45:26,Boiler A,29.273000116952897,0
2023-01-13 20:14:55,Boiler C,32.04288820259839,0
2023-01-25 20:11:25,Boiler C,28.699456783679203,0
2023-01-25 23:28:32,Boiler D,26.90834984937664,0
2023-01-30 06:59:25,Boiler B,23.573667562143665,0
2023-01-13 09:26:55,Boiler B,26.302308340194163,0
2023-01-23 02:23:36,Boiler B,26.711694136073696,0
2023-01-18 15:14:54,Boiler C,32.001197868568774,0
2023-01-11 16:50:27,Boiler C,29.350162122309083,0
2023-01-14 04:04:09,Boiler B,27.436304346602096,0
2023-01-30 06:34:53,Boiler D,19.43378763306965,0
2023-01-19 05:40:03,Boiler A,18.18288917318501,0
2023-01-15 17:14:16,Boiler A,28.734577634342866,0
2023-01-25 17:57:33,Boiler B,19.08413353695214,0
2023-01-12 19:17:08,Boiler A,31.587438629358566,0
2023-01-25 14:11:20,Boiler C,24.327967951698586,0
2023-01-04 15:21:09,Boiler C,24.384195007128145,0
2023-01-14 22:10:30,Boiler C,22.2820523517312,0
2023-01-29 15:44:51,Boiler D,22.830032182671538,0
2023-01-18 06:40:51,Boiler C,19.8337238342169,0
2023-01-21 05:21:50,Boiler B,22.822895961830348,0
2023-01-23 03:03:17,Boiler D,19.501735145057268,0
2023-01-02 03:35:37,Boiler D,21.60528532703234,0
2023-01-14 06:19:47,Boiler A,19.387286176101977,0
2023-01-22 05:09:29,Boiler B,30.547988817013522,0
2023-01-15 06:11:03,Boiler D,27.65590097207959,0
2023-01-20 22:51:29,Boiler B,88.68052432950974,1
2023-01-02 12:20:59,Boiler B,82.41640158777199,1
2023-01-01 10:14:24,Boiler D,33.19255442434611,0
2023-01-08 10:53:14,Boiler D,21.739586951698097,0
2023-01-14 01:41:42,Boiler A,23.5555512710834,0
2023-01-07 19:29:12,Boiler A,18.721934287965674,0
2023-01-01 21:39:07,Boiler A,18.367641470128127,0
2023-01-25 00:28:01,Boiler A,23.19664274761786,0
2023-01-03 10:29:22,Boiler D,18.324309495169974,0
2023-01-07 14:15:51,Boiler D,18.03824400296065,0
2023-01-22 20:16:09,Boiler B,29.60045619230512,0
2023-01-24 20:44:20,Boiler B,29.670733658031633,0
2023-01-23 21:00:40,Boiler C,29.861458067212492,0
2023-01-26 11:37:25,Boiler C,23.907027808645125,0
2023-01-15 09:07:36,Boiler A,15.868327775309956,0
2023-01-29 05:49:20,Boiler D,25.195939393928196,0
2023-01-06 01:42:59,Boiler D,29.83599149303159,0
2023-01-01 07:12:01,Boiler A,12.238325907830443,0
2023-01-22 04:40:54,Boiler A,31.241635007390816,0
2023-01-12 14:03:59,Boiler C,27.712718793613178,0
2023-01-15 01:19:13,Boiler D,28.825692207198635,0
2023-01-05 03:41:11,Boiler A,40.4139558671209,1
2023-01-06 03:43:03,Boiler A,26.931345008684406,0
2023-01-26 09:45:35,Boiler A,18.49048367017685,0
2023-01-05 10:04:54,Boiler D,24.568825812388187,0
2023-01-03 11:56:43,Boiler A,19.392747529743666,0
2023-01-21 17:41:04,Boiler D,27.0264202283949,0
2023-01-14 18:28:24,Boiler B,78.08339125207821,1
2023-01-15 03:50:38,Boiler C,22.82789750331363,0
2023-01-09 06:53:00,Boiler D,35.09818508765913,0
2023-01-18 01:24:36,Boiler D,15.160940397791205,0
2023-01-15 21:08:01,Boiler D,33.04767288063427,0
2023-01-30 06:53:57,Boiler C,25.678551860354727,0
2023-01-11 17:46:52,Boiler D,13.07536964421205,0
2023-01-06 19:43:20,Boiler C,21.075780447658552,0
2023-01-29 17:35:44,Boiler D,25.797757819615725,0
2023-01-26 23:23:45,Boiler A,26.315741890436293,0
2023-01-05 17:11:32,Boiler D,30.388153063032373,0
2023-01-10 23:35:59,Boiler C,18.429631753336057,0
2023-01-25 06:02:29,Boiler A,31.42119553711439,0
2023-01-24 17:59:59,Boiler B,28.01788261169935,0
2023-01-22 01:03:25,Boiler A,30.807647419713092,0
2023-01-30 22:53:20,Boiler D,31.733720544151392,0
2023-01-19 00:00:50,Boiler C,25.269839113774097,0
2023-01-30 06:22:47,Boiler B,24.227115818491594,0
2023-01-28 20:03:10,Boiler A,24.552201330828936,0
2023-01-21 05:45:18,Boiler D,25.030965893086254,0
2023-01-02 07:02:20,Boiler D,30.811250993000026,0
2023-01-23 00:58:02,Boiler C,31.833232450169888,0
2023-01-22 23:45:21,Boiler D,21.828925502209316,0
2023-01-11 20:52:05,Boiler A,26.754376490068097,0
2023-01-13 06:57:21,Boiler A,22.377050955187507,0
2023-01-15 00:14:29,Boiler B,19.827558985387054,0
2023-01-19 10:34:51,Boiler D,28.66225279271946,0
2023-01-21 14:49:10,Boiler D,16.666617262489048,0
2023-01-01 21:58:20,Boiler D,26.706882975103834,0
2023-01-15 06:48:27,Boiler A,25.046933592772387,0
2023-01-24 00:38:29,Boiler A,24.90386437959753,0
2023-01-13 14:44:02,Boiler D,26.7369805457491,0
2023-01-02 08:24:28,Boiler C,17.765774821535764,0
2023-01-17 05:05:13,Boiler A,24.3163204267184,0
2023-01-27 17:18:13,Boiler D,25.855574546788677,0
2023-01-26 05:08:35,Boiler B,32.045255715176374,0
2023-01-02 15:47:02,Boiler B,26.55642926858804,0
2023-01-10 21:41:01,Boiler C,29.56389490085124,0
2023-01-26 12:15:28,Boiler A,26.0945422953189,0
2023-01-24 19:26:50,Boiler D,22.358073718573323,0
2023-01-03 10:28:03,Boiler A,17.76765947984503,0
2023-01-27 17:50:40,Boiler B,28.441344970868595,0
2023-01-30 20:46:36,Boiler D,23.471426493037722,0
2023-01-10 17:23:26,Boiler B,33.57019650650044,0
2023-01-04 07:02:58,Boiler C,24.38236488366211,0
2023-01-01 14:35:29,Boiler C,22.48922200093473,0
2023-01-26 02:49:46,Boiler C,23.40884282173252,0
2023-01-01 01:26:16,Boiler D,25.708493904008172,0
2023-01-02 06:48:38,Boiler D,25.120639440357937,0
2023-01-30 14:23:07,Boiler C,22.18763507744503,0
2023-01-26 05:33:08,Boiler B,20.401079283636754,0
2023-01-06 09:41:09,Boiler B,73.84094708779449,1
2023-01-16 18:18:11,Boiler A,21.54503957495329,0
2023-01-29 18:46:41,Boiler B,33.00167975296642,0
2023-01-14 14:31:19,Boiler A,25.047768762997038,0
2023-01-25 04:21:38,Boiler D,25.25821193474745,0
2023-01-28 11:18:09,Boiler A,32.207713226349995,0
2023-01-17 19:20:31,Boiler C,20.441242860899912,0
2023-01-11 03:55:00,Boiler B,23.033429857986743,0
2023-01-03 05:49:08,Boiler D,21.847763991667215,0
2023-01-02 13:19:57,Boiler B,21.893198207707023,0
2023-01-16 09:10:30,Boiler B,34.631043275906755,0
2023-01-11 13:31:14,Boiler D,20.52830942774366,0
2023-01-08 06:54:59,Boiler C,25.75608572157859,0
2023-01-05 11:35:14,Boiler C,22.344930311663898,0
2023-01-24 14:56:39,Boiler A,23.97774084660347,0
2023-01-20 17:12:17,Boiler D,26.0600475515616,0
2023-01-19 12:22:22,Boiler A,27.656674613906432,0
2023-01-14 11:23:04,Boiler C,32.88604156589608,0
2023-01-21 11:20:09,Boiler C,33.14048227442857,0
2023-01-07 15:47:28,Boiler B,23.58222825026676,0
2023-01-24 09:50:20,Boiler D,23.557518836094534,0
2023-01-06 22:16:59,Boiler B,25.203130025480185,0
2023-01-26 21:26:54,Boiler C,23.352526953023993,0
2023-01-24 09:45:47,Boiler B,31.439717124002886,0
2023-01-30 11:49:16,Boiler C,24.21734863314807,0
2023-01-21 17:32:58,Boiler D,29.578817373423487,0
2023-01-27 03:01:02,Boiler A,39.78777927222116,0
2023-01-03 04:12:48,Boiler D,18.11597761610308,0
2023-01-26 18:39:49,Boiler B,31.714531137135996,0
2023-01-17 14:22:32,Boiler D,26.561692214665072,0
2023-01-24 23:15:13,Boiler C,27.508554408812376,0
2023-01-14 08:19:02,Boiler D,21.00160365677322,0
2023-01-22 03:35:56,Boiler D,29.936687688690714,0
2023-01-14 00:28:40,Boiler D,23.643343866517817,0
2023-01-23 03:25:12,Boiler B,25.751490153494764,0
2023-01-06 10:38:30,Boiler C,22.784121735460666,0
2023-01-07 09:24:35,Boiler C,22.841897972864487,0
2023-01-20 13:24:23,Boiler A,23.364293810014534,0
2023-01-15 10:21:21,Boiler D,26.125157577872653,0
2023-01-23 01:16:27,Boiler B,6.250804258725708,0
2023-01-16 05:44:38,Boiler C,32.77547177018957,0
2023-01-11 00:50:58,Boiler C,24.751416835505502,0
2023-01-21 23:21:56,Boiler C,28.532906350208325,0
2023-01-29 01:07:32,Boiler D,23.773771077682348,0
2023-01-16 05:14:16,Boiler C,30.21098815002256,0
2023-01-09 15:56:17,Boiler B,12.476053012250155,0
2023-01-20 02:19:54,Boiler D,24.016935998482545,0
2023-01-11 10:18:07,Boiler D,15.527213452991175,0
2023-01-15 22:15:21,Boiler C,27.302658926875782,0
2023-01-16 20:18:36,Boiler C,23.221341676208148,0
2023-01-11 19:36:10,Boiler D,29.05301059235717,0
2023-01-21 02:24:47,Boiler D,19.877668061055054,0
2023-01-26 12:28:50,Boiler D,31.912048756465406,0
2023-01-28 13:36:24,Boiler D,28.8351552654444,0
2023-01-12 21:00:49,Boiler A,24.021748671578845,0
2023-01-03 14:40:38,Boiler C,33.38947703399197,0
2023-01-30 09:28:01,Boiler C,31.01243975624273,0
2023-01-19 12:50:06,Boiler D,15.149248500881896,0
2023-01-17 22:34:05,Boiler A,23.387506143245936,0
2023-01-29 07:46:48,Boiler D,23.349667301310436,0
2023-01-23 07:34:55,Boiler B,23.913291389872548,0
2023-01-27 16:14:57,Boiler D,23.976877469456397,0
2023-01-21 02:55:54,Boiler C,26.46555306016036,0
2023-01-04 17:54:01,Boiler B,26.24884679081478,0
2023-01-22 20:32:17,Boiler C,29.75136452885379,0
2023-01-20 23:57:20,Boiler D,19.791778245846892,0
2023-01-28 08:17:29,Boiler C,23.962262615586095,0
2023-01-30 19:40:41,Boiler C,28.00472151736715,0
2023-01-07 23:03:59,Boiler A,24.03823855663058,0
2023-01-18 12:33:58,Boiler B,23.00964392761748,0
2023-01-03 18:22:21,Boiler D,21.155839349345914,0
2023-01-03 22:46:28,Boiler C,25.345456815437576,0
2023-01-20 10:42:38,Boiler C,32.176729452070454,0
2023-01-01 14:52:18,Boiler A,23.06625258359961,0
2023-01-24 16:04:56,Boiler D,32.992604369012085,0
2023-01-12 14:42:05,Boiler D,26.98259063592471,0
2023-01-13 13:01:46,Boiler A,28.16291593894729,0
2023-01-13 12:16:25,Boiler A,17.021175981817986,0
2023-01-20 21:24:07,Boiler C,26.881460024678574,0
2023-01-27 20:03:49,Boiler B,35.51187158404489,0
2023-01-09 14:10:57,Boiler D,11.668224733186305,0
2023-01-11 19:36:54,Boiler C,38.7845967753465,0
2023-01-14 07:08:29,Boiler A,24.311018827628697,0
2023-01-19 03:45:06,Boiler A,23.804399505411737,0
2023-01-22 21:10:35,Boiler B,10.34919732778565,0
2023-01-20 03:40:19,Boiler C,23.92280240268258,0
2023-01-08 19:40:22,Boiler D,19.623547768114857,0
2023-01-11 11:45:00,Boiler B,29.190972972775374,0
2023-01-07 21:21:57,Boiler A,24.5117642266851,0
2023-01-23 07:05:08,Boiler D,30.900696535879582,0
2023-01-08 17:43:50,Boiler A,25.9966146459951,0
2023-01-08 03:48:45,Boiler B,27.188808477032417,0
2023-01-09 04:58:18,Boiler C,20.78801980145098,0
2023-01-28 05:10:13,Boiler C,24.987247014259893,0
2023-01-26 06:19:17,Boiler B,25.249417473546803,0
2023-01-10 07:11:22,Boiler D,13.221235596757952,0
2023-01-14 06:39:30,Boiler D,22.631326898125426,0
2023-01-08 00:55:14,Boiler D,21.392308035628286,0
2023-01-02 03:19:17,Boiler D,23.17827382662061,0
2023-01-03 13:05:21,Boiler C,20.653149783724984,0
2023-01-21 08:18:58,Boiler C,34.11011203827918,0
2023-01-22 17:34:00,Boiler D,28.553454624288506,0
2023-01-08 13:04:26,Boiler B,19.933284607245426,0
2023-01-21 15:19:00,Boiler B,15.94946896427203,0
2023-01-23 11:24:45,Boiler B,27.654356487161365,0
2023-01-02 00:04:26,Boiler B,32.71057432022808,0
2023-01-12 20:17:52,Boiler D,22.91192264131401,0
2023-01-06 13:21:18,Boiler C,27.358097771612186,0
2023-01-26 23:07:48,Boiler A,34.0813380492352,0
2023-01-12 05:03:00,Boiler A,26.328725525583774,0
2023-01-21 10:01:36,Boiler A,23.21114547481851,0
2023-01-07 11:14:51,Boiler D,22.052015888362625,0
2023-01-14 21:52:31,Boiler D,22.756160540475605,0
2023-01-24 15:28:46,Boiler A,24.55436503881603,0
2023-01-08 00:03:52,Boiler D,25.233668624654538,0
2023-01-06 02:40:33,Boiler C,27.899406387571915,0
2023-01-13 00:09:36,Boiler D,19.122061971056095,0
2023-01-28 18:29:46,Boiler D,27.36688436195491,0
2023-01-02 12:41:51,Boiler A,21.173338883462314,0
2023-01-30 11:08:17,Boiler B,17.367474985150963,0
2023-01-22 05:53:42,Boiler D,19.70366464098179,0
2023-01-10 10:45:18,Boiler A,33.142749208894095,0
2023-01-27 03:32:47,Boiler B,66.03221060342422,1
2023-01-06 08:35:37,Boiler A,25.947701840556284,0
2023-01-05 13:40:54,Boiler D,21.728247422397725,0
2023-01-11 06:00:14,Boiler B,16.271225871982036,0
2023-01-24 02:28:38,Boiler B,30.586449052845396,0
2023-01-07 03:10:51,Boiler C,26.918292151078983,0
2023-01-21 19:43:52,Boiler C,25.246686298757393,0
2023-01-03 14:03:09,Boiler B,21.31041795264667,0
2023-01-13 08:55:02,Boiler D,32.5795088141706,0
2023-01-16 09:13:01,Boiler B,33.1551676086209,0
2023-01-03 08:35:58,Boiler D,24.75216323928453,0
2023-01-12 14:46:32,Boiler D,29.37791999210501,0
2023-01-16 05:24:11,Boiler A,24.434082953774762,0
2023-01-17 00:30:07,Boiler C,23.96012893608708,0
2023-01-15 22:30:22,Boiler A,31.700438368934563,0
2023-01-25 17:12:42,Boiler D,24.180547209822812,0
2023-01-15 22:25:35,Boiler C,20.10053505014021,0
2023-01-18 18:58:19,Boiler D,24.467502199291538,0
2023-01-05 13:38:08,Boiler A,19.837579373537814,0
2023-01-01 11:04:26,Boiler C,24.44888472487622,0
2023-01-11 17:01:04,Boiler B,25.09668227522765,0
2023-01-21 08:45:41,Boiler A,18.39073514408221,0
2023-01-21 08:31:08,Boiler C,27.220996099225975,0
2023-01-03 19:50:23,Boiler A,21.73717605120033,0
2023-01-09 17:52:23,Boiler B,27.149376851817948,0
2023-01-25 14:50:39,Boiler C,22.302490395505455,0
2023-01-03 02:20:07,Boiler C,22.84057846257084,0
2023-01-11 20:31:32,Boiler C,21.051642809369323,0
2023-01-10 09:57:23,Boiler A,20.407392481442177,0
2023-01-22 01:32:21,Boiler C,27.133480595332365,0
2023-01-17 05:36:53,Boiler A,26.46303948690995,0
2023-01-28 21:28:52,Boiler D,25.546509570257626,0
2023-01-17 04:15:52,Boiler B,18.902931367492474,0
2023-01-02 03:09:34,Boiler C,25.694852154787156,0
2023-01-13 22:10:41,Boiler A,27.4249623035663,0
2023-01-05 09:37:09,Boiler A,24.31186858926728,0
2023-01-18 08:28:48,Boiler C,25.794119872402014,0
2023-01-01 04:59:56,Boiler B,15.777573673706073,0
2023-01-20 15:45:34,Boiler A,25.01362884503777,0
2023-01-26 18:32:02,Boiler B,22.245534629965494,0
2023-01-27 06:07:30,Boiler B,35.51248173085676,0
2023-01-10 16:03:35,Boiler C,14.253021082579265,0
2023-01-06 13:31:55,Boiler D,18.311634844579025,0
2023-01-20 10:38:59,Boiler C,25.9939381653354,0
2023-01-23 06:59:38,Boiler A,17.729112758953818,0
2023-01-05 13:49:23,Boiler D,12.925109761690745,0
2023-01-26 19:03:34,Boiler B,28.127040809563056,0
2023-01-22 04:52:10,Boiler B,25.64475938377799,0
2023-01-10 07:23:07,Boiler A,26.697530678158753,0
2023-01-01 07:10:14,Boiler C,25.947907972535827,0
2023-01-03 23:09:51,Boiler C,26.99602557737818,0
2023-01-09 20:22:28,Boiler D,19.820420524106165,0
2023-01-22 08:21:35,Boiler B,19.64864507053622,0
2023-01-18 11:11:37,Boiler D,17.822408202332586,0
2023-01-28 05:52:49,Boiler B,30.830557254319956,0
2023-01-30 07:53:14,Boiler D,28.606133350237414,0
2023-01-08 12:38:45,Boiler C,28.52004661259615,0
2023-01-30 16:19:26,Boiler D,27.27139267004167,0
2023-01-06 19:39:22,Boiler C,22.148711527927887,0
2023-01-08 01:04:33,Boiler D,27.009776876842768,0
2023-01-29 13:10:44,Boiler B,25.20318676380432,0
2023-01-11 06:45:40,Boiler D,23.511355579830965,0
2023-01-06 04:50:56,Boiler A,18.864853290283467,0
2023-01-29 22:09:57,Boiler D,34.185353478627405,0
2023-01-11 14:18:41,Boiler D,25.872153497070624,0
2023-01-22 01:24:43,Boiler B,24.600300726662354,0
2023-01-04 16:03:21,Boiler A,28.67421945272298,0
2023-01-22 18:50:19,Boiler C,46.19276381745322,1
2023-01-09 00:49:16,Boiler C,19.800316557874762,0
2023-01-29 02:15:43,Boiler D,22.724208322554976,0
2023-01-12 01:01:35,Boiler C,22.68714601176586,0
2023-01-19 03:40:04,Boiler C,27.003609104682063,0
2023-01-05 11:19:48,Boiler C,31.69344477735068,0
2023-01-25 10:34:03,Boiler A,23.512823029592248,0
2023-01-12 19:41:42,Boiler C,31.407755239220702,0
2023-01-15 00:44:55,Boiler B,22.678086594623196,0
2023-01-18 02:53:07,Boiler C,25.406078621975414,0
2023-01-02 16:59:59,Boiler C,20.883903674512737,0
2023-01-29 02:54:32,Boiler C,30.13337739184363,0
2023-01-01 17:54:02,Boiler B,30.08405722114575,0
2023-01-26 20:16:39,Boiler C,26.22480911333391,0
2023-01-25 17:38:57,Boiler A,22.18287841808564,0
2023-01-16 01:53:24,Boiler A,16.109280480075014,0
2023-01-27 22:27:09,Boiler D,24.841229885262617,0
2023-01-05 17:28:35,Boiler D,18.479732271986705,0
2023-01-26 09:12:15,Boiler C,19.116984012408004,0
2023-01-16 07:42:52,Boiler D,21.013954190999048,0
2023-01-11 06:11:52,Boiler D,33.04119773140368,0
2023-01-24 07:41:06,Boiler A,31.93222244545428,0
2023-01-30 16:53:56,Boiler C,19.192013366416486,0
2023-01-23 17:00:02,Boiler A,17.46938271737252,0
2023-01-23 08:12:58,Boiler B,30.00596070704917,0
2023-01-16 14:22:58,Boiler B,21.893637541467307,0
2023-01-22 18:33:24,Boiler C,19.520763747139135,0
2023-01-05 05:58:24,Boiler D,24.99685035293816,0
2023-01-27 12:38:42,Boiler B,22.590041312522263,0
2023-01-02 22:33:21,Boiler B,20.272026076288263,0
2023-01-15 16:01:40,Boiler C,21.24008494347933,0
2023-01-17 04:13:54,Boiler C,24.66551178135986,0
2023-01-15 07:32:12,Boiler A,24.67642485180977,0
2023-01-22 15:54:45,Boiler C,33.25367707242604,0
2023-01-29 02:46:31,Boiler D,32.01085322637103,0
2023-01-21 21:32:16,Boiler A,28.091322835241918,0
2023-01-07 04:01:09,Boiler B,26.264007964265815,0
2023-01-18 14:11:10,Boiler A,25.752736298591618,0
2023-01-14 08:36:29,Boiler A,20.179687393813033,0
2023-01-02 18:29:55,Boiler B,21.95677436736106,0
2023-01-18 20:45:54,Boiler A,19.699665935089257,0
2023-01-14 04:03:44,Boiler C,32.33179746113876,0
2023-01-24 05:36:26,Boiler B,22.959184560582457,0
2023-01-25 09:13:14,Boiler B,38.17790290915616,0
2023-01-25 01:39:58,Boiler D,23.915401566346677,0
2023-01-26 21:54:00,Boiler C,30.46038871241961,0
2023-01-18 06:37:37,Boiler A,30.828124382478567,0
2023-01-05 15:25:23,Boiler D,21.307733401920846,0
2023-01-26 20:01:18,Boiler C,19.21449501753486,0
2023-01-04 09:12:21,Boiler B,29.79667804815301,0
2023-01-12 09:30:54,Boiler B,28.031229969359224,0
2023-01-04 11:02:47,Boiler A,25.369122151474837,0
2023-01-02 11:09:46,Boiler B,28.29398612189756,0
2023-01-22 10:21:23,Boiler D,25.22598995254229,0
2023-01-08 18:22:47,Boiler D,26.604814248928253,0
2023-01-02 12:35:34,Boiler A,28.44573401446711,0
2023-01-15 20:37:59,Boiler B,30.761492224908764,0
2023-01-25 20:30:52,Boiler C,14.57759976795391,0
2023-01-03 01:47:41,Boiler C,22.08408542046236,0
2023-01-28 11:06:11,Boiler C,20.667030686217135,0
2023-01-08 19:09:36,Boiler C,22.120198079593564,0
2023-01-30 00:24:35,Boiler B,26.084800618349313,0
2023-01-16 08:49:44,Boiler C,24.34394775799357,0
2023-01-28 17:26:53,Boiler C,23.550819578139652,0
2023-01-05 23:59:18,Boiler D,27.22592368097499,0
2023-01-03 08:06:49,Boiler B,28.985943186426653,0
2023-01-11 06:06:43,Boiler B,29.625339575676563,0
2023-01-17 17:42:50,Boiler B,31.775439034319433,0
2023-01-24 15:04:00,Boiler C,30.632196075952596,0
2023-01-14 01:06:31,Boiler C,21.12249039179043,0
2023-01-05 20:03:00,Boiler A,26.14546777720898,0
2023-01-24 07:24:12,Boiler C,20.988722337277146,0
2023-01-29 12:43:16,Boiler B,29.6252213067103,0
2023-01-17 13:03:43,Boiler C,49.62358635062398,1
2023-01-21 06:07:53,Boiler D,21.94525794184241,0
2023-01-10 23:56:15,Boiler C,28.015556236931797,0
2023-01-08 19:26:24,Boiler B,19.756540979630287,0
2023-01-22 14:16:28,Boiler A,22.039224550597705,0
2023-01-01 19:43:56,Boiler A,35.08939605433225,0
2023-01-15 04:36:36,Boiler B,15.537262567876189,0
2023-01-25 10:56:36,Boiler D,26.84086869634149,0
2023-01-02 18:39:02,Boiler B,25.29708456252045,0
2023-01-30 04:17:01,Boiler D,18.849587550641743,0
2023-01-20 22:51:29,Boiler C,25.07700640191702,0
2023-01-11 02:04:47,Boiler C,29.0229190323513,0
2023-01-23 19:34:33,Boiler B,26.34066389478638,0
2023-01-08 14:20:27,Boiler A,28.852411355958694,0
2023-01-25 03:36:54,Boiler A,24.104108420961328,0
2023-01-02 16:34:58,Boiler D,13.095230686611245,0
2023-01-06 19:13:03,Boiler B,27.677692830386587,0
2023-01-21 04:33:44,Boiler C,22.71261657396338,0
2023-01-15 08:53:57,Boiler B,23.264254229403527,0
2023-01-08 14:15:02,Boiler C,17.899761999962845,0
2023-01-26 12:20:38,Boiler C,27.588779229537682,0
2023-01-28 20:03:01,Boiler C,22.916420665393048,0
2023-01-05 21:25:04,Boiler A,31.001072393820543,0
2023-01-06 09:23:25,Boiler D,30.353544530126342,0
2023-01-11 12:06:11,Boiler B,27.632863916491793,0
2023-01-29 19:31:35,Boiler D,22.323944619851783,0
2023-01-10 13:26:53,Boiler C,17.043446904895085,0
2023-01-21 00:51:07,Boiler C,20.0509645145495,0
2023-01-25 23:54:37,Boiler A,15.412183412335102,0
2023-01-30 22:32:05,Boiler C,27.475906897303638,0
2023-01-09 14:33:34,Boiler C,30.52687135233291,0
2023-01-24 01:42:17,Boiler D,21.45769900495505,0
2023-01-29 17:43:45,Boiler D,18.98406521645291,0
2023-01-25 03:23:01,Boiler A,31.19283438099265,0
2023-01-26 11:08:09,Boiler B,22.421060597573664,0
2023-01-08 18:01:55,Boiler A,29.576809954867716,0
2023-01-20 22:33:56,Boiler D,24.121770716655682,0
2023-01-26 22:30:07,Boiler B,31.213823908613122,0
2023-01-05 11:03:28,Boiler A,19.48744025258991,0
2023-01-03 03:11:37,Boiler C,21.106106512356067,0
2023-01-06 05:14:27,Boiler B,37.61661553130493,0
2023-01-06 03:07:38,Boiler B,23.69246375134988,0
2023-01-22 15:55:44,Boiler C,25.568672088884426,0
2023-01-24 23:42:44,Boiler C,16.755817828907986,0
2023-01-14 13:24:03,Boiler D,23.084999859072276,0
2023-01-24 03:03:43,Boiler C,20.297899643978177,0
2023-01-29 00:05:15,Boiler A,29.01625000194716,0
2023-01-12 13:54:41,Boiler D,14.397218184987157,0
2023-01-26 11:09:39,Boiler A,16.412482738979797,0
2023-01-20 16:23:34,Boiler A,46.76785292702902,1
2023-01-11 05:46:38,Boiler B,32.93294625992312,0
2023-01-01 10:23:06,Boiler A,23.278225391831715,0
2023-01-03 03:20:47,Boiler C,26.181951632317883,0
2023-01-19 06:06:25,Boiler C,19.5063299561059,0
2023-01-26 21:57:21,Boiler D,23.80245655377777,0
2023-01-12 17:56:17,Boiler B,34.178564622703284,0
2023-01-18 19:49:32,Boiler C,27.62393472313398,0
2023-01-24 04:26:56,Boiler D,4.135495583537141,0
2023-01-14 04:41:47,Boiler C,27.062169760671676,0
2023-01-10 23:38:42,Boiler D,24.546073299178087,0
2023-01-28 17:16:10,Boiler B,23.930468495772452,0
2023-01-01 19:53:53,Boiler D,18.551244795160745,0
2023-01-16 19:00:01,Boiler C,42.44766228556139,1
2023-01-17 09:38:57,Boiler B,19.84939960224426,0
2023-01-11 03:49:54,Boiler D,19.208641767169354,0
2023-01-26 12:10:21,Boiler C,30.71146966785333,0
2023-01-07 04:23:15,Boiler B,23.196590912065975,0
2023-01-15 00:24:42,Boiler A,22.8872936146293,0
2023-01-14 04:40:15,Boiler A,12.047401264088721,0
2023-01-04 16:14:39,Boiler A,20.711590330756408,0
2023-01-30 21:54:53,Boiler B,32.53539353605095,0
2023-01-20 07:32:42,Boiler B,22.635072383129387,0
2023-01-21 08:24:28,Boiler D,32.76923985268431,0
2023-01-28 08:02:50,Boiler A,24.58058608592257,0
2023-01-21 12:19:51,Boiler C,26.716291685393305,0
2023-01-30 04:48:30,Boiler B,23.23889147312383,0
2023-01-18 00:41:42,Boiler D,28.52042701830063,0
2023-01-23 17:06:46,Boiler B,21.96742491055781,0
2023-01-01 09:30:49,Boiler A,20.16334915238396,0
2023-01-04 14:51:51,Boiler C,18.271245623725022,0
2023-01-07 20:45:19,Boiler C,25.331135656327753,0
2023-01-20 14:41:48,Boiler A,20.023964295240976,0
2023-01-28 10:38:39,Boiler B,23.675837105144097,0
2023-01-12 06:53:15,Boiler C,28.043461734678235,0
2023-01-08 06:45:35,Boiler A,76.9634070141496,1
2023-01-25 14:10:37,Boiler D,27.358580304403098,0
2023-01-16 02:56:59,Boiler B,28.370530339655936,0
2023-01-02 15:32:16,Boiler A,24.052424155053256,0
2023-01-12 12:40:33,Boiler D,27.110568562141317,0
2023-01-04 12:02:54,Boiler C,31.964574413515106,0
2023-01-10 14:36:34,Boiler D,31.39370971360057,0
2023-01-15 20:08:39,Boiler D,22.888943994895165,0
2023-01-28 01:49:36,Boiler A,30.1930346313394,0
2023-01-16 13:21:34,Boiler B,20.7100342754554,0
2023-01-15 00:39:00,Boiler B,28.548120355186843,0
2023-01-08 17:29:54,Boiler D,25.24000423022586,0
2023-01-29 22:53:55,Boiler D,27.453065850935907,0
2023-01-03 22:06:22,Boiler D,26.55909144199968,0
2023-01-02 21:19:06,Boiler B,21.62029364451024,0
2023-01-01 09:56:44,Boiler B,24.166364119132066,0
2023-01-15 04:30:05,Boiler C,29.825299304767558,0
2023-01-03 22:43:05,Boiler D,29.812040577855836,0
2023-01-23 04:57:19,Boiler B,15.57276261006291,0
2023-01-28 08:30:32,Boiler A,25.77374494925049,0
2023-01-30 02:51:22,Boiler C,31.345774772334835,0
2023-01-03 18:34:16,Boiler D,18.127861911397776,0
2023-01-27 05:15:27,Boiler B,22.541785551039172,0
2023-01-30 02:34:18,Boiler C,31.032519963965505,0
2023-01-27 21:28:35,Boiler A,20.751983844339275,0
2023-01-14 11:58:35,Boiler C,20.793147015871725,0
2023-01-23 16:44:18,Boiler B,23.083878813503787,0
2023-01-20 19:23:01,Boiler C,26.370652060579427,0
2023-01-13 22:28:12,Boiler D,23.87202698467598,0
2023-01-14 09:24:54,Boiler A,28.260868025749772,0
2023-01-13 19:08:03,Boiler B,34.45812328348145,0
2023-01-06 17:39:21,Boiler B,28.631070374313964,0
2023-01-19 17:39:49,Boiler A,21.845514364930388,0
2023-01-16 00:50:49,Boiler A,22.650112799311476,0
2023-01-27 10:05:51,Boiler D,31.593337247537384,0
2023-01-18 16:39:10,Boiler C,22.746931083016445,0
2023-01-13 03:31:28,Boiler A,25.782133924831722,0
2023-01-18 05:46:54,Boiler C,24.953226864688876,0
2023-01-11 14:18:21,Boiler B,35.82776806464611,0
2023-01-21 02:16:01,Boiler D,14.038985713468989,0
2023-01-08 22:21:06,Boiler C,27.92327091356571,0
2023-01-15 08:50:28,Boiler D,16.749012486286055,0
2023-01-29 00:35:54,Boiler C,21.301274759208177,0
2023-01-07 22:59:09,Boiler B,25.07358673464978,0
2023-01-01 11:37:15,Boiler D,27.452541842297606,0
2023-01-02 00:29:42,Boiler D,24.261773830426883,0
2023-01-14 01:27:53,Boiler A,23.348412221673833,0
2023-01-26 21:19:42,Boiler D,27.882291400842515,0
2023-01-09 23:49:56,Boiler C,32.45386891881325,0
2023-01-06 03:55:57,Boiler D,32.012892565734596,0
2023-01-23 07:14:59,Boiler C,24.5263898590841,0
2023-01-13 07:53:52,Boiler D,28.76131499086293,0
2023-01-06 10:53:41,Boiler C,31.885706062184855,0
2023-01-03 05:41:26,Boiler A,16.01467317695462,0
2023-01-14 18:17:57,Boiler A,34.059391883583245,0
2023-01-06 06:08:25,Boiler C,10.466952307374074,0
2023-01-11 02:07:25,Boiler C,30.126984657139587,0
2023-01-17 00:04:24,Boiler C,22.30528132217711,0
2023-01-14 07:06:38,Boiler C,32.46258099957956,0
2023-01-29 18:57:33,Boiler C,25.46938651206079,0
2023-01-14 23:16:33,Boiler C,35.650339496335846,0
2023-01-13 05:40:00,Boiler D,25.938543365849334,0
2023-01-13 12:59:57,Boiler B,33.20857144387333,0
2023-01-19 09:26:43,Boiler B,24.96815206037332,0
2023-01-16 22:55:22,Boiler A,26.154101123634433,0
2023-01-29 03:51:21,Boiler B,26.36479215000821,0
2023-01-05 17:31:11,Boiler C,28.606823202257583,0
2023-01-19 04:37:26,Boiler A,29.237361127499,0
2023-01-25 16:48:32,Boiler A,30.938087150164762,0
2023-01-30 08:19:45,Boiler D,24.01570018991864,0
2023-01-09 10:56:32,Boiler D,30.54106276503875,0
2023-01-30 23:14:12,Boiler C,26.93087670148008,0
2023-01-08 12:32:02,Boiler B,21.56039171210713,0
2023-01-24 02:25:57,Boiler C,26.38119342818756,0
2023-01-20 06:55:42,Boiler B,26.02927303855729,0
2023-01-06 11:27:47,Boiler D,23.25444066128706,0
2023-01-02 07:35:06,Boiler C,25.33614822993019,0
2023-01-06 15:50:52,Boiler A,30.587736386696598,0
2023-01-05 05:31:47,Boiler D,26.115034606270868,0
2023-01-11 04:42:05,Boiler B,27.612659240024616,0
2023-01-05 10:58:18,Boiler B,34.80201404740492,0
2023-01-30 02:43:33,Boiler A,25.712350458787355,0
2023-01-03 02:07:39,Boiler C,22.65365078776575,0
2023-01-11 10:05:29,Boiler D,33.162592005497956,0
2023-01-10 10:10:21,Boiler A,29.82995243532292,0
2023-01-10 07:19:43,Boiler C,19.39493445319303,0
2023-01-15 04:53:31,Boiler C,13.206537862042541,0
2023-01-02 11:43:17,Boiler B,35.17219869176445,0
2023-01-30 22:07:17,Boiler A,29.779108034819018,0
2023-01-28 11:49:57,Boiler D,24.566885078843015,0
2023-01-21 05:31:53,Boiler C,27.39877163102208,0
2023-01-11 04:35:56,Boiler A,15.233085759778008,0
2023-01-04 12:26:34,Boiler D,39.100905144049605,0
2023-01-25 03:05:35,Boiler B,19.581502664606184,0
2023-01-03 19:14:07,Boiler D,26.47402726966038,0
2023-01-01 12:47:21,Boiler B,29.64074816143788,0
2023-01-10 01:17:32,Boiler B,27.374124819939187,0
2023-01-14 20:05:56,Boiler D,25.6235810414664,0
2023-01-03 06:23:53,Boiler D,31.452048773213495,0
2023-01-13 06:09:06,Boiler D,27.72995076782434,0
2023-01-28 01:12:19,Boiler B,15.516987753177384,0
2023-01-30 22:45:55,Boiler D,25.661118006317363,0
2023-01-27 00:09:36,Boiler D,23.10146293575147,0
2023-01-15 14:46:00,Boiler C,19.13195439856768,0
2023-01-18 00:55:36,Boiler A,82.4601483887183,1
2023-01-13 16:33:31,Boiler C,15.815921910460993,0
2023-01-05 18:58:18,Boiler D,28.032577296484853,0
2023-01-15 03:01:42,Boiler D,20.96964098185184,0
2023-01-27 22:38:23,Boiler D,18.19759557844894,0
2023-01-03 23:38:51,Boiler B,23.291321095587545,0
2023-01-02 23:35:12,Boiler B,15.287936748617575,0
2023-01-28 19:09:39,Boiler C,18.58202155944622,0
2023-01-05 08:12:46,Boiler A,21.254877007849313,0
2023-01-12 00:29:29,Boiler A,22.267654097830608,0
2023-01-29 04:28:12,Boiler C,19.2908442912098,0
2023-01-17 21:12:11,Boiler B,27.370676132238195,0
2023-01-27 08:41:02,Boiler D,28.19499919344272,0
2023-01-06 21:42:13,Boiler A,28.640743957665826,0
2023-01-12 14:54:04,Boiler A,27.2758343409792,0
2023-01-01 16:55:21,Boiler C,18.517277394235755,0
2023-01-06 17:56:37,Boiler A,34.432410469922225,0
2023-01-08 01:39:13,Boiler D,26.504609617016143,0
2023-01-01 05:24:25,Boiler D,27.62749987306411,0
2023-01-01 10:36:41,Boiler A,32.510135092589415,0
2023-01-15 07:19:39,Boiler D,26.584671899915204,0
2023-01-18 00:35:18,Boiler C,29.74450600004868,0
2023-01-05 09:41:14,Boiler B,33.20268489970249,0
2023-01-18 04:58:07,Boiler C,14.411349366756143,0
2023-01-12 17:35:53,Boiler D,34.94407322097,0
2023-01-30 02:50:20,Boiler A,25.40710786289686,0
2023-01-02 22:41:18,Boiler C,19.64711442153609,0
2023-01-21 23:51:12,Boiler A,15.10695290089045,0
2023-01-09 19:20:44,Boiler B,26.631496582582482,0
2023-01-08 07:04:57,Boiler A,23.333215625341502,0
2023-01-13 17:07:23,Boiler B,26.410705006178226,0
2023-01-28 14:28:18,Boiler D,17.38574782902903,0
2023-01-19 11:51:54,Boiler D,29.830673475679564,0
2023-01-17 07:05:56,Boiler B,23.180015247359687,0
2023-01-02 02:56:08,Boiler D,24.263749048809224,0
2023-01-01 13:43:44,Boiler C,26.513179903872,0
2023-01-20 17:48:31,Boiler B,27.516914177227886,0
2023-01-05 14:14:10,Boiler C,27.87361546161824,0
2023-01-30 06:55:28,Boiler D,28.699589537749453,0
2023-01-14 15:25:37,Boiler C,26.585126286794285,0
2023-01-04 20:11:08,Boiler C,28.468714988184484,0
2023-01-03 02:38:15,Boiler A,21.866640975672507,0
2023-01-03 04:50:59,Boiler D,25.01660819129173,0
2023-01-08 07:13:52,Boiler C,23.400893921415605,0
2023-01-02 06:47:31,Boiler D,19.82349857190225,0
2023-01-25 14:02:26,Boiler B,13.51289944981314,0
2023-01-06 04:51:59,Boiler C,22.976082346031582,0
2023-01-27 02:47:26,Boiler A,18.087348770209207,0
2023-01-22 01:19:41,Boiler C,21.81604566128298,0
2023-01-13 10:08:08,Boiler C,29.851215825288847,0
2023-01-01 17:34:18,Boiler B,26.551651084368785,0
2023-01-01 08:58:40,Boiler C,22.296120904573193,0
2023-01-08 06:39:22,Boiler C,17.561979933176744,0
2023-01-11 15:22:57,Boiler A,25.43880766495542,0
2023-01-27 02:12:24,Boiler C,19.289090640367608,0
2023-01-26 00:50:22,Boiler D,19.1835014618225,0
2023-01-04 08:25:03,Boiler B,23.13132015945587,0
2023-01-16 11:03:49,Boiler C,28.535867893292746,0
2023-01-27 04:07:11,Boiler B,33.957753935717896,0
2023-01-09 22:06:29,Boiler B,24.407238429199563,0
2023-01-10 17:13:52,Boiler A,32.03094358640034,0
2023-01-08 14:48:29,Boiler D,23.807432392448053,0
2023-01-25 05:45:27,Boiler C,16.97313128180657,0
2023-01-04 19:55:24,Boiler B,27.03834169637691,0
2023-01-18 11:15:27,Boiler C,30.75977148301873,0
2023-01-17 12:44:55,Boiler D,15.488411556203394,0
2023-01-18 22:26:43,Boiler C,23.919724889311205,0
2023-01-08 01:44:22,Boiler B,21.54292807777951,0
2023-01-28 03:04:04,Boiler C,24.871612812642187,0
2023-01-13 22:08:44,Boiler D,23.831626307777576,0
2023-01-20 01:02:45,Boiler B,15.128799212655148,0
2023-01-21 14:07:11,Boiler B,24.54681089175964,0
2023-01-13 14:46:37,Boiler D,27.952659388443312,0
2023-01-28 11:13:21,Boiler D,23.91983387556977,0
2023-01-24 18:04:30,Boiler C,21.59608072633002,0
2023-01-15 23:22:55,Boiler B,22.626139887285774,0
2023-01-26 09:00:34,Boiler D,22.988270991751858,0
2023-01-04 17:36:39,Boiler A,27.277071439001855,0
2023-01-07 16:58:23,Boiler D,43.4852089191442,1
2023-01-10 19:16:45,Boiler C,24.712219747266488,0
2023-01-04 16:32:34,Boiler C,16.783986296085914,0
2023-01-26 05:26:20,Boiler B,23.47786196764646,0
2023-01-19 04:55:29,Boiler B,24.403741116317274,0
2023-01-03 21:20:19,Boiler B,22.21083186557772,0
2023-01-11 13:14:19,Boiler C,21.18034378502172,0
2023-01-05 19:28:15,Boiler A,23.254261217514088,0
2023-01-08 19:47:50,Boiler C,19.424913330584378,0
2023-01-17 21:08:55,Boiler D,23.229589019715736,0
2023-01-29 23:21:06,Boiler D,73.41268709280457,1
2023-01-24 04:19:06,Boiler D,22.87069014674414,0
2023-01-08 04:38:36,Boiler D,26.261923100842203,0
2023-01-30 19:03:27,Boiler A,31.387559927488212,0
2023-01-27 22:03:09,Boiler C,21.85666339074531,0
2023-01-24 00:55:03,Boiler A,29.777754794134637,0
2023-01-11 23:01:44,Boiler D,25.794902196330494,0
2023-01-29 16:37:42,Boiler D,23.42247254397781,0
2023-01-30 08:30:02,Boiler C,11.046054516373404,0
2023-01-04 16:06:15,Boiler C,20.965647863153436,0
2023-01-07 15:12:04,Boiler A,25.749488250892348,0
2023-01-16 10:16:20,Boiler D,24.044061450830608,0
2023-01-11 00:42:41,Boiler B,18.785328355988515,0
2023-01-05 14:23:13,Boiler B,27.908417794244837,0
2023-01-21 12:47:05,Boiler C,22.774695090435877,0
2023-01-06 22:21:24,Boiler C,34.555219315663635,0
2023-01-01 11:45:23,Boiler D,28.012984575796025,0
2023-01-09 16:04:49,Boiler A,18.383151804375,0
2023-01-12 03:22:06,Boiler B,36.57789174807251,0
2023-01-03 13:31:42,Boiler C,16.120717338634982,0
2023-01-20 01:59:59,Boiler D,23.061176358713467,0
2023-01-26 23:43:59,Boiler C,33.06709387160583,0
2023-01-17 08:59:15,Boiler D,23.76505047679201,0
2023-01-01 16:56:13,Boiler D,30.86116545980197,0
2023-01-24 04:45:54,Boiler A,24.754711956372645,0
2023-01-27 01:47:45,Boiler C,23.945018774720758,0
2023-01-06 23:45:05,Boiler A,17.08486625617455,0
2023-01-10 16:13:07,Boiler D,29.415227329343033,0
2023-01-07 06:07:33,Boiler A,15.144444447337314,0
2023-01-18 03:08:18,Boiler A,26.489279237503233,0
2023-01-10 13:09:45,Boiler D,25.29387514595024,0
2023-01-10 11:49:26,Boiler D,23.359610119627888,0
2023-01-14 21:00:38,Boiler A,36.63390904329077,0
2023-01-03 13:43:47,Boiler D,19.085303948855067,0
2023-01-14 17:05:37,Boiler C,22.942626421625086,0
2023-01-03 09:21:03,Boiler A,27.43505745771897,0
2023-01-30 16:59:41,Boiler B,15.723197122635007,0
2023-01-25 22:11:32,Boiler B,28.780218251472885,0
2023-01-22 23:34:59,Boiler C,22.036462971801804,0
2023-01-22 03:58:42,Boiler A,41.592647125296146,1
2023-01-30 17:36:33,Boiler C,41.13634655592375,1
2023-01-10 02:38:14,Boiler B,23.67420267798981,0
2023-01-17 00:01:53,Boiler B,33.94410364260032,0
2023-01-10 10:55:11,Boiler C,25.488433236408458,0
2023-01-27 20:36:04,Boiler A,22.638887534844358,0
2023-01-05 04:21:54,Boiler C,41.50140925491755,1
2023-01-07 06:24:54,Boiler A,28.227267910332937,0
2023-01-05 08:35:35,Boiler B,31.52263505554915,0
2023-01-23 10:41:50,Boiler B,30.587468203569486,0
2023-01-08 16:39:37,Boiler C,25.996711384467766,0
2023-01-07 12:21:42,Boiler D,27.05857233405773,0
2023-01-11 21:39:57,Boiler B,20.012705019033614,0
2023-01-21 01:52:33,Boiler D,26.17864895449447,0
2023-01-11 14:33:54,Boiler A,35.44284654683602,0
2023-01-14 21:13:24,Boiler A,32.67342248579044,0
2023-01-25 16:24:21,Boiler B,25.637258523781348,0
2023-01-16 13:28:33,Boiler C,28.558613988191407,0
2023-01-26 13:52:54,Boiler A,23.687083409233534,0
2023-01-21 15:03:24,Boiler B,25.76868698553688,0
2023-01-09 02:27:27,Boiler A,24.33501892512185,0
2023-01-08 04:13:31,Boiler B,16.390074895002677,0
2023-01-13 13:38:33,Boiler A,30.025439342888426,0
2023-01-12 10:38:10,Boiler B,26.277465185248793,0
2023-01-04 15:07:33,Boiler B,16.791465921146898,0
2023-01-21 06:17:12,Boiler D,22.528011583965487,0
2023-01-03 08:19:25,Boiler D,36.42466815156938,0
2023-01-28 00:43:07,Boiler A,25.70482286569084,0
2023-01-21 08:49:06,Boiler D,28.744071699619706,0
2023-01-08 23:33:29,Boiler B,26.229032765058076,0
2023-01-19 03:43:52,Boiler D,21.14574701406257,0
2023-01-23 09:49:31,Boiler D,24.388993698084697,0
2023-01-24 11:13:21,Boiler A,23.518635326941116,0
2023-01-24 05:06:04,Boiler A,25.749226916469226,0
2023-01-14 14:25:24,Boiler D,31.28971211836449,0
2023-01-19 20:35:12,Boiler B,23.611618243923655,0
2023-01-12 04:55:19,Boiler C,17.939722810921047,0
2023-01-30 00:29:08,Boiler B,22.198728871401286,0
2023-01-28 13:37:40,Boiler B,28.67378514912074,0
2023-01-04 06:58:40,Boiler A,27.68670352292746,0
2023-01-18 04:02:10,Boiler A,24.125584638608284,0
2023-01-13 12:52:59,Boiler B,20.708221240739718,0
2023-01-20 18:36:09,Boiler B,29.271816471226575,0
2023-01-16 16:34:59,Boiler D,22.50961740347083,0
2023-01-12 19:57:54,Boiler D,28.25344538222683,0
2023-01-16 23:55:38,Boiler B,23.90834640258133,0
2023-01-13 21:46:15,Boiler D,28.489667490821077,0
2023-01-27 19:08:06,Boiler C,22.842783480190228,0
2023-01-06 15:09:15,Boiler A,19.922701337329755,0
2023-01-14 14:22:10,Boiler C,31.335354286679273,0
2023-01-25 17:51:01,Boiler A,29.001626351663056,0
2023-01-05 19:51:18,Boiler A,34.22822454451854,0
2023-01-13 03:18:22,Boiler C,22.084555066191726,0
2023-01-26 05:39:48,Boiler C,24.913005127097616,0
2023-01-11 09:42:51,Boiler A,29.05777629827928,0
2023-01-01 22:55:09,Boiler D,40.10736181988482,1
2023-01-29 17:04:57,Boiler C,25.999705722666054,0
2023-01-18 05:05:08,Boiler D,21.769689815338037,0
2023-01-22 19:22:59,Boiler C,28.337618220221703,0
2023-01-06 22:00:50,Boiler B,22.296061130634865,0
2023-01-04 22:23:53,Boiler C,16.825955488593873,0
2023-01-21 20:26:25,Boiler C,18.873689550674985,0
2023-01-11 16:29:05,Boiler A,19.5645386089741,0
2023-01-27 19:40:31,Boiler D,29.20405979071371,0
2023-01-16 10:11:36,Boiler A,31.60001860112516,0
2023-01-26 01:27:42,Boiler C,29.472073157916213,0
2023-01-28 22:24:42,Boiler A,26.780421422015724,0
2023-01-04 00:22:36,Boiler C,27.579298522595398,0
2023-01-20 05:11:38,Boiler D,24.9890020934734,0
2023-01-14 00:13:42,Boiler A,26.38461967242935,0
2023-01-06 05:32:47,Boiler C,31.326385474812902,0
2023-01-09 23:10:02,Boiler A,27.56744193488033,0
2023-01-18 00:58:12,Boiler D,23.00822859506124,0
2023-01-12 06:32:25,Boiler B,16.80554700534193,0
2023-01-06 17:43:37,Boiler D,25.126330415228303,0
2023-01-30 16:28:18,Boiler C,26.005656062162636,0
2023-01-09 13:32:16,Boiler B,19.526912959420706,0
2023-01-18 06:44:13,Boiler C,21.71231416287938,0
2023-01-23 06:27:29,Boiler C,33.898932497712494,0
2023-01-04 07:09:43,Boiler D,16.780199426926025,0
2023-01-02 13:46:54,Boiler B,25.400415338516332,0
2023-01-13 04:39:07,Boiler C,27.98705404819278,0
2023-01-10 16:38:06,Boiler A,27.148674243224686,0
2023-01-11 04:41:00,Boiler C,27.138167723400034,0
2023-01-30 11:31:34,Boiler D,26.53176007058561,0
2023-01-30 16:45:57,Boiler B,35.84485752666471,0
2023-01-14 15:05:54,Boiler D,27.011025005626532,0
2023-01-19 20:35:56,Boiler B,29.414876332173158,0
2023-01-28 15:28:50,Boiler B,23.503504382404177,0
2023-01-30 06:41:17,Boiler C,37.45082965254535,0
2023-01-07 15:17:47,Boiler D,31.61583979957039,0
2023-01-16 04:05:08,Boiler C,30.61672388136543,0
2023-01-06 15:43:25,Boiler D,77.1770400929092,1
2023-01-07 13:51:16,Boiler B,26.116023005363083,0
2023-01-25 18:49:36,Boiler A,27.956718245706266,0
2023-01-10 00:33:52,Boiler A,27.261243614083526,0
2023-01-03 06:09:07,Boiler C,20.208590003559998,0
2023-01-25 18:05:52,Boiler C,23.652570366256146,0
2023-01-02 10:32:56,Boiler D,23.13802622330404,0
2023-01-30 00:30:40,Boiler D,17.93461496718391,0
2023-01-10 01:00:11,Boiler C,26.853306707508462,0
2023-01-19 19:58:55,Boiler D,34.225803449659395,0
2023-01-19 10:04:11,Boiler B,18.702198936082524,0
2023-01-10 17:25:19,Boiler D,23.504155150586865,0
2023-01-01 15:09:12,Boiler D,26.516255318399796,0
2023-01-24 19:50:39,Boiler C,20.192850731189328,0
2023-01-09 23:15:01,Boiler C,27.321936272227447,0
2023-01-07 18:54:42,Boiler C,25.057032442230682,0
2023-01-06 02:16:59,Boiler A,13.759198417700366,0
2023-01-05 18:32:11,Boiler B,22.718980150062354,0
2023-01-30 01:08:51,Boiler D,29.688560953214363,0
2023-01-17 08:50:19,Boiler B,24.922260868712932,0
2023-01-29 02:03:33,Boiler D,33.721915986220594,0
2023-01-03 15:21:20,Boiler C,15.723811448386071,0
2023-01-21 23:57:53,Boiler C,22.100931929950242,0
2023-01-15 08:05:49,Boiler B,25.120637680434328,0
2023-01-24 13:46:17,Boiler D,26.84695399961634,0
2023-01-13 09:50:22,Boiler A,18.970407023807745,0
2023-01-08 09:38:14,Boiler D,60.41004450198678,1
2023-01-16 12:10:33,Boiler D,23.8201889176259,0
2023-01-15 01:38:27,Boiler A,22.417067739636614,0
2023-01-11 03:40:03,Boiler B,21.398565449284995,0
2023-01-19 10:57:49,Boiler C,25.96957245383183,0
2023-01-04 11:25:05,Boiler C,26.09053289795402,0
2023-01-05 17:00:00,Boiler B,25.533493472177756,0
2023-01-02 19:34:08,Boiler A,26.583834112073195,0
2023-01-29 01:02:50,Boiler B,24.647961341826484,0
2023-01-20 17:45:10,Boiler A,23.407466312598448,0
2023-01-18 00:27:53,Boiler A,27.87613825712444,0
2023-01-11 19:39:18,Boiler B,19.946616135165414,0
2023-01-15 18:30:16,Boiler C,27.253638947949515,0
2023-01-28 15:37:48,Boiler C,20.57298309575032,0
2023-01-06 15:39:20,Boiler C,20.784261996092283,0
2023-01-22 12:29:59,Boiler B,20.340232274848617,0
2023-01-22 16:52:31,Boiler B,26.141794249469694,0
2023-01-02 12:35:08,Boiler D,18.860398590843424,0
2023-01-22 05:25:32,Boiler A,28.249701091616863,0
2023-01-09 15:32:12,Boiler D,26.891398250517458,0
2023-01-29 01:09:07,Boiler A,21.658281528340343,0
2023-01-27 23:36:31,Boiler A,29.57326881809131,0
2023-01-25 00:04:52,Boiler C,38.30392967254131,0
2023-01-15 20:06:40,Boiler A,24.935754359184905,0
2023-01-30 08:01:48,Boiler C,19.49679457453589,0
2023-01-17 14:23:22,Boiler D,56.97548362959277,1
2023-01-27 17:27:45,Boiler A,26.03367972119357,0
2023-01-11 18:55:59,Boiler C,27.384715476583175,0
2023-01-01 12:01:37,Boiler C,26.355747703240276,0
2023-01-11 05:41:03,Boiler A,11.55064359775989,0
2023-01-20 00:04:10,Boiler B,29.872044099535106,0
2023-01-19 19:20:02,Boiler D,18.00093436946446,0
2023-01-11 02:29:27,Boiler B,25.77878747849489,0
2023-01-11 07:47:22,Boiler C,24.742931395809432,0
2023-01-04 13:40:11,Boiler C,27.555391640549747,0
2023-01-04 16:06:32,Boiler A,29.173204697416857,0
2023-01-14 08:52:53,Boiler C,18.220333055223758,0
2023-01-14 08:43:36,Boiler B,17.346768933226727,0
2023-01-11 09:47:36,Boiler A,30.45644191124934,0
2023-01-20 15:27:12,Boiler D,28.367866256212153,0
2023-01-18 18:44:46,Boiler C,30.189178090342157,0
2023-01-07 11:36:45,Boiler C,14.392539461266328,0
2023-01-18 03:18:37,Boiler C,18.984422001481665,0
2023-01-29 04:53:03,Boiler A,16.613468971048054,0
2023-01-27 12:41:06,Boiler C,24.07540419155158,0
2023-01-22 11:45:28,Boiler C,22.900607298791282,0
2023-01-07 08:26:47,Boiler A,21.848588855894818,0
2023-01-12 04:45:20,Boiler C,20.44396764983252,0
2023-01-22 08:00:43,Boiler D,23.238720838334437,0
2023-01-12 06:09:52,Boiler C,25.09293425734458,0
2023-01-05 23:15:57,Boiler B,22.281602187597755,0
2023-01-16 13:01:14,Boiler A,22.438930647557893,0
2023-01-09 14:13:57,Boiler B,25.610944812236053,0
2023-01-16 17:31:38,Boiler D,26.799741700067504,0
2023-01-14 04:53:34,Boiler B,22.590956595507457,0
2023-01-01 03:25:01,Boiler A,27.104546750027758,0
2023-01-06 19:36:15,Boiler A,17.755072832202842,0
2023-01-30 09:50:21,Boiler B,31.71847371872425,0
2023-01-30 12:31:17,Boiler C,20.696972164296675,0
2023-01-29 10:51:27,Boiler C,37.49308023410952,0
2023-01-05 21:47:09,Boiler D,24.866782382825782,0
2023-01-02 12:31:32,Boiler C,37.67865707889233,0
2023-01-11 07:20:12,Boiler A,16.79410455007233,0
2023-01-01 23:12:50,Boiler D,32.534977217397596,0
2023-01-10 02:19:55,Boiler A,18.77154882457095,0
2023-01-21 14:38:39,Boiler D,26.099503778593053,0
2023-01-09 11:25:35,Boiler A,23.196681445446167,0
2023-01-23 13:38:56,Boiler D,27.507172828802286,0
2023-01-23 14:09:30,Boiler C,28.323991358169707,0
2023-01-20 21:01:01,Boiler D,30.951866758666974,0
2023-01-30 03:13:38,Boiler A,24.291462515180672,0
2023-01-11 03:52:10,Boiler C,23.37406072134541,0
2023-01-06 04:26:26,Boiler D,23.541364828530973,0
2023-01-09 07:19:47,Boiler B,30.25944271840773,0
2023-01-26 16:27:27,Boiler C,28.93760372125582,0
2023-01-12 12:22:23,Boiler C,24.53221279683911,0
2023-01-27 02:22:29,Boiler B,28.38168449938085,0
2023-01-08 10:47:48,Boiler B,30.30116575308242,0
2023-01-27 09:49:49,Boiler D,32.2637841367325,0
2023-01-22 05:03:52,Boiler D,1.793126615289431,0
2023-01-13 18:29:08,Boiler A,22.742329414368637,0
2023-01-12 15:04:23,Boiler A,29.543841129430255,0
2023-01-16 08:26:32,Boiler D,24.941902133804557,0
2023-01-29 05:37:31,Boiler A,24.13474623528898,0
2023-01-06 06:09:42,Boiler C,27.77449285703043,0
2023-01-07 08:09:59,Boiler D,26.190859964154136,0
2023-01-26 01:26:46,Boiler D,18.89562040644892,0
2023-01-20 17:20:51,Boiler B,29.632472461071806,0
2023-01-11 21:27:09,Boiler D,26.872090658496095,0
2023-01-07 16:19:51,Boiler A,29.691812236662894,0
2023-01-22 19:04:14,Boiler B,33.83519290830352,0
2023-01-20 05:14:37,Boiler D,17.794207507809627,0
2023-01-01 22:43:36,Boiler D,21.628953661988167,0
2023-01-11 20:08:20,Boiler C,28.070256435463026,0
2023-01-02 10:43:37,Boiler C,29.38604024929336,0
2023-01-13 09:09:13,Boiler D,28.05498411104682,0
2023-01-30 19:03:14,Boiler B,18.31893437212565,0
2023-01-18 23:03:26,Boiler A,31.18491533200342,0
2023-01-09 05:24:21,Boiler C,21.35238965612762,0
2023-01-30 05:32:40,Boiler B,17.132839582509543,0
2023-01-01 20:10:59,Boiler D,16.34774279169587,0
2023-01-21 00:09:45,Boiler A,29.58888836557418,0
2023-01-29 15:49:11,Boiler D,74.27015744834907,1
2023-01-09 02:54:02,Boiler B,24.703846258773073,0
2023-01-02 13:28:22,Boiler C,18.227485287716114,0
2023-01-11 23:39:44,Boiler A,27.596446920156527,0
2023-01-25 01:22:21,Boiler B,19.18935945527404,0
2023-01-02 03:47:51,Boiler A,17.15715624948946,0
2023-01-07 09:21:22,Boiler B,23.135240822958803,0
2023-01-01 07:37:21,Boiler D,19.398653263347025,0
